{"cameraMode":{"drawMode":0,"name":"Shaded","section":"Shading Mode"},"sceneLighting":false,"audioPlay":false,"sceneViewState":{"m_AlwaysRefresh":false,"showFog":true,"showSkybox":false,"showFlares":true,"showImageEffects":true,"showParticleSystems":true,"showVisualEffectGraphs":true,"m_FxEnabled":true},"in2DMode":false,"pivot":{"x":0.8860614895820618,"y":0.5247783660888672,"z":-2.147956609725952},"rotation":{"x":-0.006493604741990566,"y":0.973320484161377,"z":-0.22770169377326966,"w":-0.02776075340807438},"size":1.0773425102233887,"orthographic":false}