{"cameraMode":{"drawMode":0,"name":"Shaded","section":"Shading Mode"},"sceneLighting":true,"audioPlay":false,"sceneViewState":{"m_AlwaysRefresh":false,"showFog":true,"showSkybox":true,"showFlares":true,"showImageEffects":true,"showParticleSystems":true,"showVisualEffectGraphs":true,"m_FxEnabled":true},"in2DMode":false,"pivot":{"x":8.976458549499512,"y":0.7835882902145386,"z":2.863152503967285},"rotation":{"x":-0.08108244091272354,"y":0.9180936813354492,"z":-0.28156355023384097,"w":-0.26762065291404726},"size":2.380990982055664,"orthographic":true}