{"cameraMode":{"drawMode":0,"name":"Shaded","section":"Shading Mode"},"sceneLighting":true,"audioPlay":false,"sceneViewState":{"m_AlwaysRefresh":false,"showFog":true,"showSkybox":true,"showFlares":true,"showImageEffects":true,"showParticleSystems":true,"showVisualEffectGraphs":true,"m_FxEnabled":true},"in2DMode":false,"pivot":{"x":3.7474136352539064,"y":0.7305173277854919,"z":0.1608896255493164},"rotation":{"x":-0.07148801535367966,"y":0.7213319540023804,"z":-0.0771089643239975,"w":-0.6849009394645691},"size":1.4039561748504639,"orthographic":true}