{"cameraMode":{"drawMode":0,"name":"Shaded","section":"Shading Mode"},"sceneLighting":true,"audioPlay":false,"sceneViewState":{"m_AlwaysRefresh":false,"showFog":true,"showSkybox":true,"showFlares":true,"showImageEffects":true,"showParticleSystems":true,"showVisualEffectGraphs":true,"m_FxEnabled":true},"in2DMode":false,"pivot":{"x":7.590000152587891,"y":6.979999542236328,"z":0.38000011444091799},"rotation":{"x":0.02580970898270607,"y":0.9373089671134949,"z":-0.3418329060077667,"w":0.06648474186658859},"size":12.12435531616211,"orthographic":true}