{"cameraMode":{"drawMode":0,"name":"Shaded","section":"Shading Mode"},"sceneLighting":true,"audioPlay":false,"sceneViewState":{"m_AlwaysRefresh":false,"showFog":true,"showSkybox":true,"showFlares":true,"showImageEffects":true,"showParticleSystems":true,"showVisualEffectGraphs":true,"m_FxEnabled":true},"in2DMode":false,"pivot":{"x":-6.831816673278809,"y":1.0600312948226929,"z":-0.16466236114501954},"rotation":{"x":-0.12788967788219453,"y":0.6590450406074524,"z":-0.11721659451723099,"w":-0.732164740562439},"size":2.9262466430664064,"orthographic":true}