{"cameraMode":{"drawMode":0,"name":"Shaded","section":"Shading Mode"},"sceneLighting":true,"audioPlay":false,"sceneViewState":{"m_AlwaysRefresh":false,"showFog":true,"showSkybox":true,"showFlares":true,"showImageEffects":true,"showParticleSystems":true,"showVisualEffectGraphs":true,"m_FxEnabled":true},"in2DMode":false,"pivot":{"x":1.0917028188705445,"y":0.7196457386016846,"z":0.16772890090942384},"rotation":{"x":-0.23116609454154969,"y":0.7183335423469544,"z":-0.282807856798172,"w":-0.5925343036651611},"size":2.857065200805664,"orthographic":true}