{"cameraMode":{"drawMode":0,"name":"Shaded","section":"Shading Mode"},"sceneLighting":true,"audioPlay":false,"sceneViewState":{"m_AlwaysRefresh":false,"showFog":true,"showSkybox":true,"showFlares":true,"showImageEffects":true,"showParticleSystems":true,"showVisualEffectGraphs":true,"m_FxEnabled":true},"in2DMode":false,"pivot":{"x":-0.4593566656112671,"y":0.6051791906356812,"z":-9.022369384765625},"rotation":{"x":-0.004137806128710508,"y":0.5204419493675232,"z":0.004141960758715868,"w":0.8542050123214722},"size":2.042404890060425,"orthographic":true}