{"cameraMode":{"drawMode":0,"name":"Shaded","section":"Shading Mode"},"sceneLighting":false,"audioPlay":false,"sceneViewState":{"m_AlwaysRefresh":false,"showFog":true,"showSkybox":false,"showFlares":true,"showImageEffects":true,"showParticleSystems":true,"showVisualEffectGraphs":true,"m_FxEnabled":true},"in2DMode":false,"pivot":{"x":-0.0003845319151878357,"y":0.09759847074747086,"z":0.0004524439573287964},"rotation":{"x":-0.19014517962932588,"y":0.695667564868927,"z":-0.1996685117483139,"w":-0.6635066270828247},"size":0.16160841286182404,"orthographic":false}