{"cameraMode":{"drawMode":0,"name":"Shaded","section":"Shading Mode"},"sceneLighting":false,"audioPlay":false,"sceneViewState":{"m_AlwaysRefresh":false,"showFog":true,"showSkybox":false,"showFlares":true,"showImageEffects":true,"showParticleSystems":true,"showVisualEffectGraphs":true,"m_FxEnabled":true},"in2DMode":false,"pivot":{"x":2.4877777099609377,"y":-1.1432304382324219,"z":-3.058946132659912},"rotation":{"x":-0.009543324820697308,"y":-0.7262401580810547,"z":-0.009128516539931298,"w":0.6875286102294922},"size":0.3666529059410095,"orthographic":false}