{"cameraMode":{"drawMode":0,"name":"Shaded","section":"Shading Mode"},"sceneLighting":false,"audioPlay":false,"sceneViewState":{"m_AlwaysRefresh":false,"showFog":true,"showSkybox":false,"showFlares":true,"showImageEffects":true,"showParticleSystems":true,"showVisualEffectGraphs":true,"m_FxEnabled":true},"in2DMode":false,"pivot":{"x":0.24923133850097657,"y":0.7066830992698669,"z":0.8438756465911865},"rotation":{"x":0.007719053421169519,"y":0.9935978055000305,"z":-0.09589110314846039,"w":0.0634041354060173},"size":1.461790680885315,"orthographic":true}