{"cameraMode":{"drawMode":0,"name":"Shaded","section":"Shading Mode"},"sceneLighting":false,"audioPlay":false,"sceneViewState":{"m_AlwaysRefresh":false,"showFog":true,"showSkybox":false,"showFlares":true,"showImageEffects":true,"showParticleSystems":true,"showVisualEffectGraphs":true,"m_FxEnabled":true},"in2DMode":false,"pivot":{"x":0.8860614895820618,"y":0.5247783660888672,"z":-2.147956609725952},"rotation":{"x":0.007647269871085882,"y":0.9934064149856567,"z":-0.0988907441496849,"w":0.06188482791185379},"size":1.0773429870605469,"orthographic":true}