{"cameraMode":{"drawMode":0,"name":"Shaded","section":"Shading Mode"},"sceneLighting":false,"audioPlay":false,"sceneViewState":{"m_AlwaysRefresh":false,"showFog":true,"showSkybox":false,"showFlares":true,"showImageEffects":true,"showParticleSystems":true,"showVisualEffectGraphs":true,"m_FxEnabled":true},"in2DMode":false,"pivot":{"x":9.412263870239258,"y":0.8762427568435669,"z":4.005640506744385},"rotation":{"x":0.14386746287345887,"y":0.7377973198890686,"z":-0.16519960761070252,"w":0.6387875080108643},"size":1.0040287971496583,"orthographic":true}