{"cameraMode":{"drawMode":0,"name":"Shaded","section":"Shading Mode"},"sceneLighting":false,"audioPlay":false,"sceneViewState":{"m_AlwaysRefresh":false,"showFog":true,"showSkybox":false,"showFlares":true,"showImageEffects":true,"showParticleSystems":true,"showVisualEffectGraphs":true,"m_FxEnabled":true},"in2DMode":false,"pivot":{"x":9.412263870239258,"y":0.8762427568435669,"z":4.005640506744385},"rotation":{"x":0.26420995593070986,"y":-0.09692604094743729,"z":0.027485746890306474,"w":0.9593839645385742},"size":0.9548730850219727,"orthographic":true}