{"cameraMode":{"drawMode":0,"name":"Shaded","section":"Shading Mode"},"sceneLighting":false,"audioPlay":false,"sceneViewState":{"m_AlwaysRefresh":false,"showFog":true,"showSkybox":false,"showFlares":true,"showImageEffects":true,"showParticleSystems":true,"showVisualEffectGraphs":true,"m_FxEnabled":true},"in2DMode":false,"pivot":{"x":9.412263870239258,"y":0.8762427568435669,"z":4.005640506744385},"rotation":{"x":0.20095939934253694,"y":-0.6193482279777527,"z":0.16925767064094544,"w":0.7400950193405151},"size":1.3590137958526612,"orthographic":true}