{"cameraMode":{"drawMode":0,"name":"Shaded","section":"Shading Mode"},"sceneLighting":false,"audioPlay":false,"sceneViewState":{"m_AlwaysRefresh":false,"showFog":true,"showSkybox":false,"showFlares":true,"showImageEffects":true,"showParticleSystems":true,"showVisualEffectGraphs":true,"m_FxEnabled":true},"in2DMode":false,"pivot":{"x":0.2492314577102661,"y":0.5653465986251831,"z":0.9499247074127197},"rotation":{"x":-0.007027607876807451,"y":-0.9924983382225037,"z":0.10039392113685608,"w":-0.06948290020227432},"size":1.5611531734466553,"orthographic":false}