{"cameraMode":{"drawMode":0,"name":"Shaded","section":"Shading Mode"},"sceneLighting":false,"audioPlay":false,"sceneViewState":{"m_AlwaysRefresh":false,"showFog":true,"showSkybox":false,"showFlares":true,"showImageEffects":true,"showParticleSystems":true,"showVisualEffectGraphs":true,"m_FxEnabled":true},"in2DMode":false,"pivot":{"x":0.2492314577102661,"y":0.5653465986251831,"z":0.9499247074127197},"rotation":{"x":-0.05038924515247345,"y":-0.8612366914749146,"z":0.08711642771959305,"w":-0.49814867973327639},"size":2.1611530780792238,"orthographic":false}