{"cameraMode":{"drawMode":0,"name":"Shaded","section":"Shading Mode"},"sceneLighting":false,"audioPlay":false,"sceneViewState":{"m_AlwaysRefresh":false,"showFog":true,"showSkybox":false,"showFlares":true,"showImageEffects":true,"showParticleSystems":true,"showVisualEffectGraphs":true,"m_FxEnabled":true},"in2DMode":false,"pivot":{"x":0.2492314577102661,"y":0.5653465986251831,"z":0.9499247074127197},"rotation":{"x":0.025713808834552766,"y":-0.9569864273071289,"z":0.08955657482147217,"w":0.27477791905403139},"size":1.169432520866394,"orthographic":false}