{"cameraMode":{"drawMode":0,"name":"Shaded","section":"Shading Mode"},"sceneLighting":false,"audioPlay":false,"sceneViewState":{"m_AlwaysRefresh":false,"showFog":true,"showSkybox":false,"showFlares":true,"showImageEffects":true,"showParticleSystems":true,"showVisualEffectGraphs":true,"m_FxEnabled":true},"in2DMode":false,"pivot":{"x":3.2099997997283937,"y":0.765764594078064,"z":-2.7800674438476564},"rotation":{"x":0.017889976501464845,"y":-0.9795766472816467,"z":0.16957171261310578,"w":0.10852573812007904},"size":2.902470350265503,"orthographic":true}