{"cameraMode":{"drawMode":0,"name":"Shaded","section":"Shading Mode"},"sceneLighting":false,"audioPlay":false,"sceneViewState":{"m_AlwaysRefresh":false,"showFog":true,"showSkybox":false,"showFlares":true,"showImageEffects":true,"showParticleSystems":true,"showVisualEffectGraphs":true,"m_FxEnabled":true},"in2DMode":false,"pivot":{"x":-0.007492676377296448,"y":0.23818489909172059,"z":0.0010623186826705933},"rotation":{"x":0.4175267219543457,"y":-0.5340040326118469,"z":0.344453364610672,"w":0.6498411297798157},"size":0.3424142897129059,"orthographic":true}