{"cameraMode":{"drawMode":0,"name":"Shaded","section":"Shading Mode"},"sceneLighting":false,"audioPlay":false,"sceneViewState":{"m_AlwaysRefresh":false,"showFog":true,"showSkybox":false,"showFlares":true,"showImageEffects":true,"showParticleSystems":true,"showVisualEffectGraphs":true,"m_FxEnabled":true},"in2DMode":false,"pivot":{"x":0.8006632328033447,"y":2.227442741394043,"z":-6.962703704833984},"rotation":{"x":0.13938607275485993,"y":0.012070674449205399,"z":-0.0008810007711872458,"w":0.9903818368911743},"size":2.84675669670105,"orthographic":true}