{"cameraMode":{"drawMode":0,"name":"Shaded","section":"Shading Mode"},"sceneLighting":false,"audioPlay":false,"sceneViewState":{"m_AlwaysRefresh":false,"showFog":true,"showSkybox":false,"showFlares":true,"showImageEffects":true,"showParticleSystems":true,"showVisualEffectGraphs":true,"m_FxEnabled":true},"in2DMode":false,"pivot":{"x":0.9084024429321289,"y":1.680861473083496,"z":-1.3084299564361573},"rotation":{"x":0.018037039786577226,"y":0.9766154885292053,"z":-0.08076348900794983,"w":0.19974514842033387},"size":2.654611349105835,"orthographic":true}