{"cameraMode":{"drawMode":0,"name":"Shaded","section":"Shading Mode"},"sceneLighting":false,"audioPlay":false,"sceneViewState":{"m_AlwaysRefresh":false,"showFog":true,"showSkybox":false,"showFlares":true,"showImageEffects":true,"showParticleSystems":true,"showVisualEffectGraphs":true,"m_FxEnabled":true},"in2DMode":false,"pivot":{"x":0.9084017276763916,"y":0.43771103024482729,"z":-1.3739186525344849},"rotation":{"x":0.006563423201441765,"y":0.9932573437690735,"z":-0.04636943340301514,"w":0.1084936261177063},"size":0.35488876700401308,"orthographic":true}