{"cameraMode":{"drawMode":0,"name":"Shaded","section":"Shading Mode"},"sceneLighting":false,"audioPlay":false,"sceneViewState":{"m_AlwaysRefresh":false,"showFog":true,"showSkybox":false,"showFlares":true,"showImageEffects":true,"showParticleSystems":true,"showVisualEffectGraphs":true,"m_FxEnabled":true},"in2DMode":false,"pivot":{"x":0.9084010124206543,"y":4.76837158203125e-7,"z":-1.4394073486328126},"rotation":{"x":0.006702117621898651,"y":-0.9857854247093201,"z":0.1629413366317749,"w":0.040544625371694568},"size":2.7999966144561769,"orthographic":false}