{"cameraMode":{"drawMode":0,"name":"Shaded","section":"Shading Mode"},"sceneLighting":false,"audioPlay":false,"sceneViewState":{"m_AlwaysRefresh":false,"showFog":true,"showSkybox":false,"showFlares":true,"showImageEffects":true,"showParticleSystems":true,"showVisualEffectGraphs":true,"m_FxEnabled":true},"in2DMode":false,"pivot":{"x":-3.386207103729248,"y":0.9067819714546204,"z":-0.019999980926513673},"rotation":{"x":-0.0557919479906559,"y":0.7463718056678772,"z":-0.06307655572891236,"w":-0.6601845622062683},"size":1.2198140621185303,"orthographic":false}