{"cameraMode":{"drawMode":0,"name":"Shaded","section":"Shading Mode"},"sceneLighting":false,"audioPlay":false,"sceneViewState":{"m_AlwaysRefresh":false,"showFog":true,"showSkybox":false,"showFlares":true,"showImageEffects":true,"showParticleSystems":true,"showVisualEffectGraphs":true,"m_FxEnabled":true},"in2DMode":false,"pivot":{"x":-3.629880905151367,"y":1.3461732864379883,"z":9.814753532409668},"rotation":{"x":-0.009543324820697308,"y":-0.7262401580810547,"z":-0.009128516539931298,"w":0.6875286102294922},"size":2.5569164752960207,"orthographic":false}