{"cameraMode":{"drawMode":0,"name":"Shaded","section":"Shading Mode"},"sceneLighting":false,"audioPlay":false,"sceneViewState":{"m_AlwaysRefresh":false,"showFog":true,"showSkybox":false,"showFlares":true,"showImageEffects":true,"showParticleSystems":true,"showVisualEffectGraphs":true,"m_FxEnabled":true},"in2DMode":false,"pivot":{"x":9.649998664855957,"y":0.7088302969932556,"z":7.278656005859375},"rotation":{"x":0.00933857262134552,"y":-0.9891983270645142,"z":0.08220988512039185,"w":0.12273291498422623},"size":0.5064623951911926,"orthographic":true}