{"cameraMode":{"drawMode":0,"name":"Shaded","section":"Shading Mode"},"sceneLighting":false,"audioPlay":false,"sceneViewState":{"m_AlwaysRefresh":false,"showFog":true,"showSkybox":false,"showFlares":true,"showImageEffects":true,"showParticleSystems":true,"showVisualEffectGraphs":true,"m_FxEnabled":true},"in2DMode":false,"pivot":{"x":2.4766933917999269,"y":1.0880109071731568,"z":-5.502934455871582},"rotation":{"x":0.12611453235149384,"y":-0.45223772525787356,"z":0.06605297327041626,"w":0.8807353973388672},"size":1.323507308959961,"orthographic":true}